id,gid,img,name,price,num,shop
1,1,list_img/goodlist.jpg,Raer 炼狱蝰蛇穿越火线潜伏者特别版鼠标                              ,￥299.00,销量数 199,甲骨龙旗舰店
2,2,list_img/goodlist.jpg,Raer 炼狱蝰蛇穿越火线潜伏者特别版鼠标                              ,￥300.00,销量数 200,甲骨龙旗舰店
3,3,list_img/goodlist.jpg,Raer 炼狱蝰蛇穿越火线潜伏者特别版鼠标                              ,￥301.00,销量数 201,甲骨龙旗舰店
4,4,list_img/goodlist.jpg,Raer 炼狱蝰蛇穿越火线潜伏者特别版鼠标                              ,￥302.00,销量数 202,甲骨龙旗舰店
5,5,list_img/goodlist.jpg,Raer 炼狱蝰蛇穿越火线潜伏者特别版鼠标                              ,￥303.00,销量数 203,甲骨龙旗舰店
6,6,list_img/goodlist.jpg,Raer 炼狱蝰蛇穿越火线潜伏者特别版鼠标                              ,￥304.00,销量数 204,甲骨龙旗舰店
7,7,list_img/goodlist.jpg,Raer 炼狱蝰蛇穿越火线潜伏者特别版鼠标                              ,￥305.00,销量数 205,甲骨龙旗舰店
8,8,list_img/goodlist.jpg,Raer 炼狱蝰蛇穿越火线潜伏者特别版鼠标                              ,￥306.00,销量数 206,甲骨龙旗舰店
9,9,list_img/goodlist.jpg,Raer 炼狱蝰蛇穿越火线潜伏者特别版鼠标                              ,￥307.00,销量数 207,甲骨龙旗舰店
10,10,list_img/goodlist.jpg,Raer 炼狱蝰蛇穿越火线潜伏者特别版鼠标                              ,￥308.00,销量数 208,甲骨龙旗舰店
11,11,list_img/goodlist.jpg,Raer 炼狱蝰蛇穿越火线潜伏者特别版鼠标                              ,￥309.00,销量数 209,甲骨龙旗舰店
12,12,list_img/goodlist.jpg,Raer 炼狱蝰蛇穿越火线潜伏者特别版鼠标                              ,￥310.00,销量数 210,甲骨龙旗舰店
13,13,list_img/goodlist.jpg,Raer 炼狱蝰蛇穿越火线潜伏者特别版鼠标                              ,￥311.00,销量数 211,甲骨龙旗舰店
14,14,list_img/goodlist.jpg,Raer 炼狱蝰蛇穿越火线潜伏者特别版鼠标                              ,￥312.00,销量数 212,甲骨龙旗舰店
15,15,list_img/goodlist.jpg,Raer 炼狱蝰蛇穿越火线潜伏者特别版鼠标                              ,￥313.00,销量数 213,甲骨龙旗舰店
16,16,list_img/goodlist.jpg,Raer 炼狱蝰蛇穿越火线潜伏者特别版鼠标                              ,￥314.00,销量数 214,甲骨龙旗舰店
17,17,list_img/goodlist.jpg,Raer 炼狱蝰蛇穿越火线潜伏者特别版鼠标                              ,￥315.00,销量数 215,甲骨龙旗舰店
18,18,list_img/goodlist.jpg,Raer 炼狱蝰蛇穿越火线潜伏者特别版鼠标                              ,￥316.00,销量数 216,甲骨龙旗舰店
19,19,list_img/goodlist.jpg,Raer 炼狱蝰蛇穿越火线潜伏者特别版鼠标                              ,￥317.00,销量数 217,甲骨龙旗舰店
20,20,list_img/goodlist.jpg,Raer 炼狱蝰蛇穿越火线潜伏者特别版鼠标                              ,￥318.00,销量数 218,甲骨龙旗舰店
21,21,list_img/goodlist.jpg,Raer 炼狱蝰蛇穿越火线潜伏者特别版鼠标                              ,￥319.00,销量数 219,甲骨龙旗舰店
22,22,list_img/goodlist.jpg,Raer 炼狱蝰蛇穿越火线潜伏者特别版鼠标                              ,￥320.00,销量数 220,甲骨龙旗舰店
23,23,list_img/goodlist.jpg,Raer 炼狱蝰蛇穿越火线潜伏者特别版鼠标                              ,￥321.00,销量数 221,甲骨龙旗舰店
24,24,list_img/goodlist.jpg,Raer 炼狱蝰蛇穿越火线潜伏者特别版鼠标                              ,￥322.00,销量数 222,甲骨龙旗舰店
